Coptic-Arabic,Arabic,English,Error,Vocalized
ⲉⲗⲗⲉⲇⲓ,الذي,who,,الَّذِي
ϥⲓ,في,in,,فِي
ⲉⲗϥⲓⲟⲙ,الفيوم,the Fayyum,,الْفَيُومِ
ⲃⲉⲭⲉⲛⲉ,وكانا,and they were,,وَكَانَا
ⲓⲉϣⲑⲓϩⲓⲉⲛ,يشتهيان,desiring,,يَشْتَهِيَانِ
ⲉⲛ,أن,that,,أَنْ
ⲓⲉⲛⲍⲟⲣȣ,ينظروا,they see,,يَنْظُرُوا
ⲉϣϣⲉⲓϧ,الشيخ,the elder,,الشَّيْخَ
ⲃⲉⲕⲁⲗⲉ,وقالا,and they said,,وَقَالَا
ⲙⲉⲇⲉ,ماذا,what,,مَاذَا
ⲛⲁϩⲙⲉⲗ,نعمل,we do,,نَعْمَلُ
ⲗⲉⲉϫⲗ,لأجل,on account of,,لِأَجْلِ
ⲉⲗⲙⲉⲗⲓⲑⲓⲓⲛ,المليطين,the Meletians,,الْمَلِيطِيْنَ
ⲗⲉⲉⲛⲛⲉ,لأننا,because we,,لِأَنَّنَا
ⲗⲉ,لا,not,,لَا
ⲛⲉⲣⲓⲇ,نريد,we wish,,نُرِيدُ
ⲛⲉϫⲑⲉⲙⲁϩ,نجتمع,we meet,,نَجْتَمِعُ
ⲡⲉϩⲁⲣⲁⲑⲓⲕⲓ,بهراطيقي,with a heretic,,بَهَرَاطِيقِي
ϥⲉⲗⲉⲙ,فلم,and they not,,فَلَمْ
ⲓⲉⲡⲥⲟⲣⲁ,يبصرا,they see,,يُبْصِرَا
ⲉϣϣⲉⲓϧ,الشيخ,the elder,,الشَّيْخُ
ⲃⲉⲕⲁⲩⲙⲉⲛ,وقوماً,and people,,وَقَوْماً
ϧⲁⲣⲉϫȣ,خرجوا,they came out,,خَرَجُوا
ⲇⲉϥϩⲁ,دفعة,to meet him,,دَفْعَةً
ⲓⲗⲉ,إلى,towards,,إلَى
ⲁⲛⲇ,عند,at,,عِنْدَ
ⲙⲡⲁ,أنبا,Apa,,أنَبَا
ϫⲉϫϫⲟⲓ,جيجوي,Djidjoi,,جَيْجَوِيٌّ
ϥⲓ,في,in,,فِي
ⲉⲗⲕⲁⲗⲁ[ⲗⲓ],القلا[لي],the cells,1,الْقَلَا[لِيّ‎]
ⲗⲓⲉⲥⲙⲁϩȣⲛⲁ,ليسمعون,to listen,,لِيَسْمَعُونَ
ⲙⲉⲛϩ,منه,from him,,مِنْهُ
ⲭⲉⲗⲙ[ⲉⲑ],كلم[ات],words,1,كَلَّمَ[ات]
ⲗⲉⲙ,لم,did not,,لَمْ
ⲓⲉⲭⲉⲗ[ⲗⲉⲙϩⲟⲙ],يكل[مهم],he speaks to them,1,يُكَل[ِّمْهُمْ]
...,,...,1,… 
ⲉⲅϥⲉⲣȣ,إغفروا,Forgive,,إغْفِرُوا
ⲗⲓ,لي,me,,لِي
ϥⲉⲣⲁⲁⲩ,فرأوا,So they saw,,فَرَأَوْا
ⲗⲟϩ,له,to him,,لَهُ
ⲕⲉϥⲉϥ,قفف,baskets,, قُفَف
ϥⲉⲕⲁⲗⲟ,فقالوا,and they said,,فَقَالُوا
ⲗⲉⲑⲉⲗⲙⲓⲇⲟϩ,لتلميذه,to his student,,لِتِلْمِيذِهِ
ⲓⲉ,يا,O,,يَا
ⲉⲡⲣⲁϩⲓⲙ,إبراهيم,Ibrahim,,إِبْرَاهِيمَ
ⲙⲉ,ما,what,,مَا
ⲑⲉⲥⲛⲁȣ,تصنعوا,you do,,تَصْنَعُوا
ⲡⲉϩⲉⲇⲓϩ,بهذة,with these,,بِهَذَةِ
ⲉⲗⲕⲉϥⲉϥ,القفف,the baskets,,الْقُفْفِ
ϥⲉⲕⲁⲗ,فقال,then he said,,فَقَالَ
ⲉⲡⲣⲁϩⲓⲙ,ابراهيم,Ibrahim,,إِبْرَاهِيمُ
ⲛⲟϩⲛ,نحن,we,,نَحْنُ
ⲛⲉⲇϥⲁϩϩⲟⲙ,ندفعهم,we give them,,نَدْفَعُهُمْ
ⲗⲉⲛⲛⲉⲥ,للناس,to the people,,لِلنَّاسِ
ⲭⲉⲇⲉ,كذا,thus,,كَذَا
ⲃⲉⲭⲉⲇⲉ,وكذا,and thus,,وَكَذَا
ϥⲉⲗⲉⲙⲙⲉ,فلما,then when,,فَلَمَّا
ⲥⲉⲙⲁϩ,سمع,he heard,,سَمِعَ
ⲉϣϣⲉⲓϧ,الشيخ,the elder,,الشَّيْخُ
ⲕⲁⲗ,قال,he said,,قَالَ
ⲉⲓⲍⲁ,أيضا,also,,أَيْضًا
ϫⲉϫϫⲟⲓ,جيجوي,Djidjoi,,جَيْجَوِيٌّ
ϩȣ,هو,he,,هُوَ
ⲓⲉⲭȣⲗ,يقول,he says,,يَقُولُ
ⲭⲉⲇⲉ,كذا,thus,,كَذَا
ⲃⲉⲭⲉⲇⲉ,وكذا,and thus,,وَكَذَا
ⲉⲙⲙⲉ,أما,but,,أَمَّا
ϩⲟⲙ,هم,they,,هُمْ
...,,...,1,…
ⲥⲁⲣȣ,ساروا,they walked away,1,سَارُوا
ⲑⲉⲃⲉⲍⲁ,تواضع,they being humble,,تَوَاضِعَ
ⲣⲉⲡⲁϩȣ,ربحوا,they gained,,رَبَّحُوا
ⲭⲉ,كـ,that,1,كَ
...,,...,1,… 
ϩⲉⲣⲁⲡⲑ,هربت,I escaped,,هَرَبْتْ
ⲓⲗⲉ,إلى,towards,,إلَى
ⲁⲗⲗⲁ,الله,God,,اللَّهِ
ⲃⲉⲙⲉⲛ,ومن,and from,,وَمِنْ
ϫⲉϩⲉⲑ,جهة,the side,,جِهَةِ
ⲉⲥⲥⲁⲗⲉϩ,الصالح,of the Good,,الصَّالِحِ
ⲉⲑⲉϧⲁⲗⲗⲁⲥ,أتخلص,I get away,,أَتَخَلَّصُ
ⲙⲉⲛ,من,from,,مِنْ
ⲉϣϣⲉⲓⲧⲁⲛ,الشيطان,the satan,,الشَّيْطَانِ
ⲉⲡⲉⲇⲉ'',أبداً,forever,,أَبْداً
ⲃⲉⲉⲛ,وان,and that,,وَإِنْ
ϣⲉⲓȣϧ,شيوخ,elders,,شُيُوخٌ
ⲙⲉⲛ,من,from,,مِنَ
ⲉⲗⲁϧⲃⲉ,الاخوة,the brothers,,الِاخْوَةِ
ⲉⲭⲉⲗȣ,أكلوا,they ate,,أَكَلُوا
ϥⲓ,في,in,,فِي
ⲥⲁⲇⲁⲕⲁ,صداقة,friendship,,صَدَاقَةٍ
ϥⲉⲍⲁϩⲉⲕ,فضحك,then laughed,1,فَضَحِكَ
ⲁϧ,أخ,a brother,,أَخٌ
ϩⲁⲗⲉ,على,on,,عَلَى
ⲉⲗⲙⲉⲓⲇⲉϩ,المائدة,the table,,الْمَائِدَةِ
ϥⲉⲛⲉⲍⲁⲣⲟϩ,فنظره,then he saw him,,فَنَظَرَهُ
ⲙⲡⲁ,أنبا,Apa,,أنَبَا
ⲓⲱϩⲁⲛⲛⲏⲥ,يوحانس,Yohannes,,يُوحَانِسَ
ϥⲉⲡⲉⲭⲉ,فبكى,and he wept,,فَبَكَى
ⲃⲉⲕⲁⲗ,وقال,and he said,,وَقَالَ
...,,...,1,…
ⲍⲁϩⲉⲭ,ضحك,he laugh,,ضَحِك
ⲓⲉϫⲉⲡ,يجب,he must,,يَجِبُ
ϩⲓⲉⲡⲭⲓ,هيبكي,he shall cry,,هَيْبَكِي
ⲭⲟⲗ,كل,"all, every",,كُلُّ
ⲉⲥⲥⲁϩ,الساع[ة],the time,1,السَّاعِ[ةِ]
...,,...,1,…
ⲃⲉϫⲉ,وجاء,and he came,,وَجَاءَ
ⲁϧ,أخ,a brother,,اخ
...,,...,1,…
ⲕⲉⲗⲗⲉⲓⲉⲑ,قلاية,the cell,,قِلَايَةُ
ⲙⲡⲁ,أنبا,Apa,,أنَبَا
ⲓⲱϩⲁⲛⲛⲏⲥ,يوحانس,Yohannes,,يُوحَانِسُ
ⲉⲗⲕⲁⲥⲓⲣ,القصير,the short,,الْقَصِيرَ
ϥⲉⲃⲉϫⲉⲇⲟϩ,فوجده,then he found him,,فَوَجَدَهُ
ⲣⲁⲕⲉⲇ,راقد,lying (asleep),,رَاقِدٌ
ⲃⲉⲙⲉⲗⲉⲕ,وملاك,and an angel,,وَمَلَّاكٌ
ⲕⲁⲓⲉⲙ'',قائماً,standing,,قَائِمًاً
ϩⲁⲗⲏⲓϩ,عليه,above him,,عَلَيْهِ
ϥⲉⲗⲉⲙⲙⲉ,فلما,then when,,
ⲕⲁⲙ,قام,he stood,,
ⲉⲙⲡⲁ,أنبا,Apa,,
ⲓⲱϩⲁⲛⲛⲏⲥ,يوحانس,Yohannes,,
ⲕⲁⲗ,قال,he said,,
ⲗⲉⲑⲉⲗⲙⲓⲇⲟϩ,لتلميذه,to his student,,
ϫⲉ,جاء,he came,,
ⲓⲗⲉ,الى,to,,
ϩⲉϩⲟⲛⲉ,هاهنا,here,,
ⲁϩⲁⲇ,احد,one,,
ⲃⲉⲉⲛⲉ,وانا,and I,,
ⲣⲁⲕⲉⲇ,راقد,lying (asleep),,
ϥⲉⲕⲁⲗ,فقال,then he said,,
ⲗⲟϩ,له,to him,,
ⲉⲑⲑⲉⲗⲙⲓⲇ,التلميذ,the student,,
ⲛⲉ,ن,???,1,
...,,...,1,
ⲩⲗⲉⲛ,???,???,1,
...,,...,1,
ϥⲉϩⲁⲗⲉⲙ,فعلم,then he knew,,
ⲙⲡⲁ,أنبا,Apa,,
ⲓⲱϩⲁⲛⲛⲏⲥ,يوحانس,Yohannes,,
ⲉⲛ,ان,that,,
...,,...,1,
ⲛⲉⲍⲁⲣ,نظر,he looked,,
ⲓⲗⲉ,إلى,towards,,
...,,...,1,
ⲕ,,???,1,
ⲗⲉⲉⲛⲛⲟϩ,لأنه,because he,,
...,,...,1,
ⲓⲗⲉ,إلى,towards,,
ϩⲁⲇⲇⲟϩ,حده,his limit,,
ⲙⲉⲑȣ,ماتوا,they died,,
ϥⲉⲕⲁⲗ,فقال,then he said,,
ⲉⲙⲡⲁ,أنبا,Apa,,
ⲡⲟⲓⲙⲉⲛ,بيمن,Poimen,,
ⲗⲉⲉⲛⲡⲁ,لأنبا,to Apa,,
ⲓⲓⲱⲃ,أيوب,Ayub,,
ϩⲁⲕⲕⲁⲛ'',حقاً,Truly,,
ⲉⲕȣⲗ,أقول,I say,,
ⲗⲁⲕ,لك,to you,,
ⲉⲛ,أن,that,,
ⲗⲉⲙ,لم,unless,,
ⲓⲉⲙⲓⲑⲉⲗ,يمثل,he,,
ⲉⲛⲥⲉⲛ,انسان,a person,,
ϩⲉⲃⲉϩ,هوى,the whim,,
ⲉⲗϫⲉⲥⲉⲇ,الجسد,of the body,,
ⲉ,???,???,1,
...,,...,1,
ⲗ,???,???,1,
ⲗⲟϩ,له,to him,1,
ⲃⲉⲓⲉⲗ,ويال,???,1,
...,,...,1,
ϩⲃⲉⲗ,???,???,1,
...,,...,1,
ⲗⲓϩ,???,???,1,
ⲃⲉⲙⲉⲛ,ومن,and from,,
ⲥⲉϩⲉⲑ,ساعة,the hour,,
ⲉⲗϩⲉⲥⲉⲡ,الحساب,of the reckoning,,
ⲕⲁⲗ,قال,he said,,
ⲙⲡⲁ,أنبا,Apa,,
ⲉϥⲛⲓⲧⲟⲥ,افنيطس,Efnitos,,
ⲗⲉⲉⲛⲡⲁ,لأنبا,to Apa,,
ⲡⲟⲓⲙⲉⲛ,بيمن,Poimen,,
ⲉⲛ,ان,that,,
ⲭⲉⲛ,كان,he was,,
ⲁϧ,أخ,a brother,,
ϩⲁⲗⲏⲓ,علي,upon me,,
ⲃⲉϫⲁϩ,وجع,ache,,
ⲉⲗⲕⲁⲗⲡ,القلب,the heart,,
ⲃⲉⲍⲁⲣⲁⲡⲑ,وضربت,and I strike,,
ⲗⲟϩ,له,to him,,
ⲙⲉⲧⲁⲛⲟⲓⲁ,مطانوة,a metanoia,,
ⲃⲉⲗⲉⲙ,ولم,and if,,
...,,...,1,
ⲉⲥ,???,???,1,
...,,...,1,
ⲃⲉⲑⲉⲛⲉⲥⲥⲉⲭ,وتنسك,and mortify,,
ⲃⲉⲁϩϥⲁⲍ,واحفظ,and persevere,,
ϥⲓ,في,in,,
ⲉⲗⲉⲛϫⲓⲗ,الانجيل,the gospel,,
ⲃⲉⲡⲉⲕⲓⲉⲑ,وبقية,and the rest,,
ⲉⲗⲭⲟⲑⲡ,الكتب,of the books,,
ⲃⲉⲓⲇⲉ,واذا,and if,,
ϫⲁⲕ,جاءك,came to you,,
ϥⲉⲕⲣ'',فكراً,thoughts,,
ⲗⲉ,لا,do not,,لَا
ⲑⲉⲛⲍⲟⲣ,تنظر,look,,تَنْظُرُ
ⲓⲗⲉ,الى,towards,,إلَى
ⲉⲥϥⲉⲗ,اسفل,downwards,,أَسْفَلَ
ⲡⲉⲗ,بل,rather,,بَلْ
ⲉⲛⲍⲟⲣ,انظر,look,,اُنْظُرْ
ⲓⲗⲉ,الى,towards,,إلَى
ϥⲁⲩⲕ,فوق,upwards,,فَوْقٍ
ϥⲓ,في,in,,
ⲭⲟⲗ,كل,"all, every",,
ⲃⲁⲕⲧ,وقت,time,,
ⲃⲉⲁⲗⲗⲁ,والله,and God,,
ⲓⲉⲛⲉϫϫⲓⲕ,ينجيك,he saves you,,يَنَّجِيكَ
ϥⲉ,ف,then,,
...,,...,1,
ⲃ,,???,1,
...,,...,1,
ⲥ,,???,1,
...,,...,1,
ⲉϩⲁⲇ,احد,one,,أَحَدٌ
ⲓⲉϩⲉⲡⲡⲉⲛⲓ,يحبني,he loves me,,يُحِبَنِي
ⲃⲉⲣⲁⲩϩ,وروح,and the spirit,,
ⲉⲗϧⲑⲓⲉ,الخطية,of sin,,الْخَطِيَّةُ
ⲑⲉⲑϩⲉⲡⲛⲓ,تتعبني,wearies me,,تَتَعَبُّنِي
ϥⲉⲉϫⲉⲡ,فاجاب,then he answered,,
ⲑⲉȣⲙⲓⲧⲟⲥ,ثاوميطوس,Theomitos,,
ⲃⲉⲕⲁⲗⲉ,وقال,and he said,,
ⲗⲟϩ,له,to him,,
ⲥⲁⲇⲇⲁⲕⲛⲓ,صدقني,believe me,,
ⲓⲉ,يا,O,,
ⲉⲡⲓ,ابي,my father,,
ⲉⲛⲉ,انا,I,,أَنَا
ϩȣ,هو,he,,
ϥⲉⲁⲑⲗⲁⲕ,فاطلق,then he allowed,,فَأَطْلَقَ
ⲗⲟϩ,له,to him,,
ⲉϣϣⲉⲓϧ,الشيخ,the elder,,الشَّيْخْ
ϩⲉⲡ,حب,the love,,حُبَّ
ⲗⲉⲗⲭⲉⲗⲉⲙ,للكلام,for words,,لِلْكَلَامِ
ϩⲁⲗⲏⲓϩ,عليه,upon him,,عَلَيْهِ
ⲉϥⲭⲁⲣⲉⲛ'',افكارا,thoughts,,افْكَارَا
...,,...,1,
ⲕⲉⲑⲉⲗȣϩ,قتلوه,they killed him,,قَتَلُوهُ
ⲓⲗⲉ,الى,towards,,الِى
ϩⲉϩⲟⲛⲉ,هاهنا,here,,هَاهُنَا
ⲃⲉϩⲉϩⲟⲛⲉ,وهاهنا,and here,,وَهَاهُنَا
ⲃⲉⲗⲉ,ولا,and not,,وَلَا
ⲑⲉⲑⲭⲉⲗⲗⲉⲙ,تتكلم,you speak,,تَتَكَلَّمُ
ⲭⲉⲗⲙⲉⲑⲉⲛ,كلمة,a word,,كَلِمَةً
ⲡⲉⲧⲧⲁⲗⲉ,بطالة,idle,,بَطَالَةٍ
ⲃⲉⲗⲉ,ولا,and not,,وَلَاَ
ⲑⲉⲙⲟⲇ,تمد,you extend,,تَمَدُّ
ⲓⲉⲇⲁⲕ,يدك,your hand,,يَدَكُ
ⲓⲗⲉ,الى,towards,,الِى
ϣⲉⲓ,شى,a thing,,شَى
ⲑⲉϩⲃⲉϩ,تهواه,you desire it,,تَهْوَاهُ
ⲃⲉⲓⲇⲉ,واذا,and if,,
ϣⲉⲣⲁⲡⲑ,شربت,you drink,,
ⲉⲗⲙⲉ,الما,water,,
ϥⲉⲗⲉ,فلا,then do not,,
ⲑⲉⲇⲁϩ,تدع,you allow,,
ϩⲁⲗⲕⲁⲕ,حلقك,your throat,,
ⲑⲉⲥⲉϩ,تسح,you flow,,
ⲑⲉⲇⲃⲓ,تدوي,you make sound,,
ⲙⲉⲑⲗ,مثل,like,,
ⲉⲗϩⲉⲗⲙⲉⲛⲓⲓⲛ,العلمانيين,the layperson,,
ⲃⲉⲉⲇⲓ,واذا,and if,,وَاذَا
ⲭⲟⲛⲧ,كنت,you were,,كُنْتُ
ϫⲉⲗⲉⲥ'',جالسا,sitting,,جَالِسًا
ⲙⲁϩ,مع,with,,مَعَ
ⲁϧⲃⲉϩ,اخوة,brothers,,اخْوَةٍ
ⲃⲉϫⲁⲕ,وجاك,and it comes to you,,وَجَاكَ
ⲡⲉⲗⲅⲁⲙ'',بلغم,phlegm,,بِلَغَمٍ
ⲃⲉⲑⲉⲣⲓⲇ,وتريد,and you want,,وَتُرِيدُ
ⲑⲁⲣⲙⲓϩ,ترميه,to throw it,,تَرْمِيهِ
ϥⲉⲗⲉ,فلا,then do not,,فَلَا
ⲑⲁⲣⲙⲓϩ,ترميه,you throw it,,تَرْمِيهِ
ⲕⲟⲇⲇⲉⲙⲉϩⲟⲙ,قدامهم,in front of them,,قُدَامَهُمْ.
ⲡⲉⲗ,بل,rather,,بَلْ
ⲕȣⲙ,قم,stand up,,"قُم,"
ⲉⲑⲣⲁϩȣ,إطرحه,discard it,,إِطْرَحْهُ
ϧⲁⲣⲉϫ'',خارجا,outside,,خَارِجًا
ⲃⲉⲗⲉ,ولا,and not,,وَلَا
ⲑⲉⲑⲙⲁⲇⲇⲁ,تتمدى,you stretch out,,تَتَمَدَّى
ⲕⲟⲇⲇⲉⲙ,قدام,in front of,,قُدَامَ
ⲉⲛⲛⲉⲥ,الناس,the people,,النَّاسِ
ⲃⲉⲗⲉ,ولا,and not,,وَلَا
ⲑⲉⲑⲑⲉⲃⲉⲡ,تتثاوب,you yawn,,تَتَثَاوَبُ
ⲃⲉⲓⲇⲉ,واذا,and if,,وَإِذَا
ⲉϫⲁⲕ,اجاك,he comes to you,,أَجَاكَ
ⲉⲑⲑⲉⲑⲉⲃⲉⲡ,التثاوب,the yawn,,التَّثَاؤُبُ
ϥⲉⲗⲉ,فلا,then do not,,فَلَا
ⲑⲉϥⲑⲁϩ,تفتح,you open,,تُفْتَحُ
ϥⲁⲕ,فاك,your mouth,,فَاكَ
ⲃⲉϩȣ,وهو,and he,,وَهُوَ
ⲓⲉⲇϩⲉⲡ,يذهب,he goes,,يَذْهَبُ
ϩⲁⲛⲕ,عنك,about you,,عَنْك
ⲃⲉⲗⲉ,ولا,and not,,وَلَا
ⲑⲉⲙⲉⲕⲭⲉⲛ,تمكن,you allow,,تَمَكَّنْ
ⲉⲡⲉⲇⲉ'',ابدا,forever,,أَبَدًا
ϥⲟⲙⲙⲁⲕ,فمك,your mouth,,فَمَك
ⲙⲉⲛ,من,with,,مِنْ
ⲉⲍⲍⲁϩⲕ,الضحك,the laughter,,الضَّحِكِ
ϥⲉⲉⲛ,فان,because,,فَانَ
ⲉⲍⲍⲁϩⲕ,الضحك,the laughter,,الضَّحِكُ
ⲓⲉⲇⲉⲗ,يدل,he indicates,,يَدُلُّ
ϩⲁⲗⲉ,على,on,,عَلَى
ⲕⲉⲗⲗⲉⲑ,قلة,a lack,,قِلَّةِ
ⲙⲉϧⲁϥⲉⲑ,مخافة,fear,,مَخَافَةِ
ⲁⲗⲗⲁ,الله,God,,اللَّهِ
ⲥⲟⲡϩⲁⲛȣ,سبحانه,praise to Him,,سُبْحَانَهُ
ⲃⲉⲗⲉ,ولا,and not,,
ⲑⲉϣⲑⲉϩ,تشته,you covet,,
ϣⲏⲓ,شي,a thing,,شَيِّ
ⲙⲉⲛ,من,from,,
ⲙⲉⲑⲁϩ,متاع,property,,
ⲥⲁϩⲉⲡⲁⲕ,صاحبك,your friend,,
ⲗⲉ,لا,not,,
ⲑⲁⲩⲡ,ثوب,robe,,
ⲃⲉⲗⲉ,ولا,and not,,
ⲕⲁⲗⲉⲥⲃⲉ,قلنسوة,hood,,
ⲃⲉⲗⲉ,ولا,and not,,
ⲙⲉ,ما,what,,
ⲓⲉϣⲉⲭⲉⲗ,يشكل,he is like,,
ⲇⲉⲗⲉⲕ,ذلك,that,,
ⲃⲉⲗⲉ,ولا,and not,,
ⲑⲉⲑⲟⲙ,تتم,you fulfill,,
ϣⲉϩⲃⲉⲑⲁⲕ,شهوتك,your desire,,
ⲉⲛ,ان,that,,
ⲑⲉⲥⲛⲁϩ,تصنع,you do,,
ⲗⲁⲕ,لك,to you,,
ⲙⲉⲑⲗ,مثل,like,,
ⲇⲉⲗⲉⲕ,ذلك,that,,
ⲃⲉⲓⲇⲉ,واذا,and so,,
ⲁϧⲧⲁⲓⲑ,اخطات,you erred,,
ϥⲓ,في,in,,
ⲭⲟⲗ,كل,"all, every",,
ⲃⲉⲭⲉⲛⲉⲑ,وكانت,and she was,,
ϩⲁⲇⲉⲑ,عادة,habit,,
ⲉϣϣⲉⲓϧ,الشيخ,the elder,,
ⲡⲉⲗϩⲁϣⲉ,بالعشا,in the evening,,
ⲭⲟⲗ,كل,"all, every",,
ⲓⲁⲩⲙ,يوم,day,,
ⲓⲉϩⲁⲗⲗⲉⲙⲟϩ,يعلمه,he learns him,,
ⲙⲉ,ما,what,,
ⲓⲉⲛϥⲁϩ,ينفع,he benefits,,
ⲛⲉϥⲥⲟϩ,نفسه,himself,,
ⲃⲉⲙⲉⲛ,ومن,and from,,
ⲡⲁϩⲇ,بعد,after,,
ⲉⲑⲑⲁϩⲗⲓⲙ,التعليم,the education,,
ⲭⲉⲛ,كان,he was,,
ⲓⲁϩⲙⲉⲗ,يعمل,he makes,,
ⲥⲁⲗⲉϩ,صلاة,prayer,,
ⲃⲉⲓⲉⲑⲗⲁⲕⲟϩ,ويطلقه,and he allows him,,
ⲗⲉⲓⲉⲣⲕⲟⲇ,ليرقد,to lie down,,
ⲃⲉϥⲓ,وفي,and in,,
ⲁϩⲁⲇ,احد,one,,
ⲉⲗⲉⲓⲓⲉⲙ,الايام,the days,,
ϩⲓⲛ,حين,when,,
ⲉⲭⲉⲗȣ,اكلوا,they ate,,
ⲉⲭⲗⲉϩⲟⲙ,اكلهم,their food,,
ⲉⲗⲕⲁⲗⲓⲗ,القليل,the little,,
ⲡⲉⲗϩⲓϣⲉ,بالعشا,in the evening,,
ϫⲉⲗ<ⲉⲥ>,جلس,he sat,1,
ⲉϣϣⲉⲓϧ,الشيخ,the elder,,
ⲡⲁϩⲇ,بعد,after,,
ⲉⲥⲥⲁⲗⲉⲑ,الصلاة,the prayer,,
ⲉⲗϫⲉⲙⲉϩⲁ,الجامعة,the gathering,,
ⲭⲉⲗⲁⲇⲉϩ,كالعادة,like the habit,,
ⲗⲓⲉϩⲁⲗⲗⲉⲙ,ليعلم,to teach,,
ⲉⲗⲁϧ,الاخ,the brother,,
ⲃⲉϥⲓⲙⲉ,وفيما,and while,,
ϩȣ,هو,he,,
ⲓⲉⲭⲗⲉⲙⲟϩ,يكلمه,he speaks to him,,
ϫⲁ,جا,he came,,
...,,...,1,
ⲉⲛⲛⲁⲩⲙ,النوم,the sleep,,
ϥⲉⲣⲁⲕⲁⲇ,فرقد,then he lay down,,
ⲉϣϣⲉⲓϧ,الشيخ,the elder,,
ⲃⲉⲭⲉⲛ,وكان,and he was,,
ⲉⲗⲁϧ,الاخ,the brother,,
ⲥⲁⲡⲉⲣ,صابر,patient,,
ϩⲁⲑⲑⲉ,حتى,until,,
ⲓⲉⲕȣⲙ,يقوم,he stand,,
ⲉϣϣⲉⲓϧ,الشيخ,the elder,,
ⲓⲉⲡⲉⲣⲉⲕ,يبارك,he blesses,,
ϩⲁⲗⲏⲓϩ,عليه,above him,,عَلَيْهِ
ⲭⲉϩⲁⲇⲉⲑⲟϩ,كعادته,like his habit,,
ϥⲉⲗⲉⲙⲙⲉ,فلما,then when,,
ⲡⲉⲕⲓ,بقى,he remained,,
ⲉϣϣⲉⲓϧ,الشيخ,the elder,,
ⲛⲉⲓⲉⲙ,نايما,sleeping,,
ⲃⲁⲕⲑ,وقت,time,,
ϩⲁⲍⲓⲙ,عظيم,great,,
ⲍⲁⲓⲉⲕȣ,ضايقوا,they bothered,,
ⲉⲗⲉϥⲭⲁⲣ,الافكار,the thoughts,,
ⲉⲗⲁϧ,الاخ,the brother,,
ⲕⲁⲓⲉⲗⲉ,قايلا,saying,,
ⲗⲟϩ,له,to him,,
ⲕȣⲙ,قم,stand up,,
ⲉⲛⲧ,أنت,you,,
ⲉⲓⲍⲁ,أيضا,also,,
ⲉⲣⲕⲟⲇ,ارقد,lie down,,
ⲃⲉⲭⲉⲛ,وكان,and he was,,
ϩȣ,هو,he,,
ⲓⲉⲕⲁⲑⲉⲗ,يقاتل,he fights,,
ϥⲉⲭⲣⲟϩ,فكره,his thought,,
ⲕⲁⲓⲉⲗ,قايلا,saying,,
ⲙⲉ,ما,not,,
ⲓⲉⲙⲭⲉⲛⲛⲓ,يمكنى,he is possible for me,,
ⲉⲙ[ⲍⲓ],ام[ضى],to proceed,1,
...,,...,1,
ⲉⲇ,اذ,if,,
ⲗⲉⲙ,لم,did not,,
ⲓⲉⲕȣⲙ,يقوم,he stands,,
...,,...,1,
ⲃⲉⲓⲉⲑⲗⲁⲕⲛⲓ,ويطلقنى,and he allows me,,
ⲭⲉⲗ[ⲁⲇⲉϩ],كال[عادة],like the habit,1,
...,,...,1,
[ϥ]ⲉ,[ف],then,1,
ⲍⲁⲓⲉⲕⲁⲑⲟϩ,ضايقته,they bothered him,,
ⲉⲗⲉϥⲭⲁⲣ,الافكار,the thoughts,,
ⲉⲓⲍⲁ,أيضا,also,,
ⲃⲉⲗⲉⲙ,ولم,and not,,
ⲓⲉⲙⲍⲓ,يمض,he proceeded,,
ϩⲉⲭⲓⲇⲉ,هكذا,so thus,,
ⲕⲁⲑⲉⲗȣϩ,قاتلوه,they fought him,,
ⲥⲉⲡⲁϩ,سبع,seven,,
ⲇⲉϥⲟϩ,دفوع,occasions,,
ⲃⲉⲭⲉⲛ,وكان,and he was,,
ⲥⲁⲡⲉⲣ,صابرا,patient,,
ⲙⲉⲕⲁⲑⲉⲗ,مقاتلا,fighter,,
ⲗⲉϩⲉ,لها,to her,,
ⲃⲉⲙⲉⲛ,ومن,and from,,
ⲡⲁϩⲇ,بعد,after,,
ϩⲉⲇⲉ,هذا,this,,
ⲗⲉⲙⲙⲉ,لما,when,,
ⲑⲉⲕⲁⲇⲇⲉⲙ,تقدم,he progressed,,
ⲉⲗⲗⲏⲓⲗ,الليل,the night,,
ϩⲉⲇⲇⲉ,حدا,end,,
ϥⲉⲗⲉⲙⲙⲉ,فلما,then when,,
ⲉⲥⲑⲏⲓⲕⲁⲍ,استيقظ,he awoke,,
ⲉϣϣⲉⲓϧ,الشيخ,the elder,,
ϥⲉⲃⲉϫⲉⲇⲟϩ,فوجده,then he found him,,
ϫⲉⲗⲉⲥ,جالسا,sitting,,
ϩⲁⲛⲇⲟϩ,عنده,with him,,
ϥⲉⲕⲁⲗ,فقال,then he said,,
ⲗⲟϩ,له,to him,,
ⲓⲗⲉ,الى,towards,,
ⲉⲗⲉⲛ,الان,now,,
ⲗⲉⲙ,لم,did not,,
ⲑⲉⲙⲍⲓ,تمض,you proceed,,
ⲕⲁⲗ,قال,he said,,
ⲗⲟϩ,له,to him,,
ⲓⲉ,يا,O,,
ⲉⲡⲓ,ابي,my father,,
ⲉⲛⲛⲁⲕ,انك,that you,,
ⲗⲉⲙ,لم,did not,,
ⲑⲉⲑⲗⲁⲕⲛⲓ,تطلقنى,you allow me,,
ϥⲉⲕⲁⲗ,فقال,then he said,,
ⲉϣϣⲉⲓϧ,الشيخ,the elder,,
ⲗⲉⲙ,لم,did not,,
...,,...,1,
ⲑⲓⲕⲁⲍ[ⲛⲓ],تيقظ[ني],you wake me,1,
...,,...,1,
ⲗⲟϩ,له,to him,,
ⲙⲉ,ما,not,,
ϫⲉⲥⲁⲣⲧ,جسرت,I dared,,
ⲉⲓⲕⲁⲍⲁⲕ,ايقظك,I wake you,,
ⲗⲓⲉⲗⲗⲉ,لئلا,lest,,
ⲉⲑϩⲉⲡⲁⲕ,اتعبك,I tire you,,
ϥⲉⲡⲉⲣⲓⲕ,فبارك,then he blessed,,
ϩⲁⲗⲓϩ,عليه,above him,,
ⲉϣϣⲉⲓϧ,الشيخ,the elder,,
ⲃⲉⲗⲉⲙⲙⲉ,ولما,and when,,
ⲕⲁⲙȣ,قاموا,they stood,,
ϩⲁⲙⲉⲗȣ,عملوا,they did,,
ⲉⲥⲥⲁⲗⲉϩ,الصلاة,the prayer,,
ⲉⲗϫⲉⲙⲉϩⲁ,الجامعة,the common,,
ⲉⲑⲗⲁⲕ,اطلق,he allowed,,
ⲉⲗⲁϧ,الاخ,the brother,,
ⲗⲉⲓⲉⲥⲑⲉⲣⲓϩ,ليستريح,to rest,,
ⲃⲉⲓⲉⲛⲉⲙ,وينام,and he sleep,,
ⲕⲁⲗⲓⲗ,قليلا,a little,,
ⲃⲉⲭⲉⲛ,وكان,and he was,,
ⲉⲓⲍⲁ,أيضا,also,,
ⲉϣϣⲉⲓϧ,الشيخ,the elder,,
ϫⲉⲗⲉⲥ,جلس,he sat,,
ϥⲓ,في,in,,
ⲙⲉⲥⲛⲉⲇⲟϩ,مسنده,his cushion,,
ⲓⲉⲧϩⲉⲡ,يتعب,he being tired,,
ⲛⲉϥⲥⲟϩ,نفسه,himself,,
ⲓⲗⲉ,الى,towards,,
ⲡⲟⲕⲣⲁ,بكرة,morning,,
ⲃⲉϥⲓⲙⲉ,وفيما,and while,,
ϩȣ,هو,he,,
ϫⲉⲗⲉⲥ,جالس,sitting,,
ⲥⲁⲣ,صار,having become,,
ϥⲓ,في,in,,
ⲥⲉϩȣ,سهو,ecstacy,,
...,,...,1,
ⲓⲇⲉ,اذا,so,,
ⲃⲉϩⲓⲇ,واحد,one,,
ⲓⲉⲣⲓϩ,يريه,he shows him,,
...,,...,1,
[ⲙȣ]ⲍⲁϩ,[مو]ضعا,a place,1,
ⲙⲉⲙⲑⲉⲗⲓ,ممتلئا,full,,
...,,...,1,
ⲃⲉϥⲓϩ,وفيه,and in it,,
ⲭⲟⲣ[ⲥⲓ],كر[سيا],a chair,1,